{
  "meta_title": "",
  "meta_description": "",
  "sections": [
    {
      "type": "banner-slider",
      "autoplay": 9000,
      "slides": [
        {
          "start": "2021-11-29T13:21:22.273Z",
          "end": "2022-11-05T03:00:00.000Z",
          "img": "/img/uploads/bannerslide_02.png"
        },
        {
          "start": "2021-11-29T13:21:11.733Z",
          "end": "2022-07-30T03:00:00.000Z",
          "img": "/img/uploads/bannerslide_01.png"
        }
      ]
    },
    {
      "type": "collection-shelf",
      "shuffle": true,
      "collection_id": null,
      "limit": 12,
      "page": 1
    },
    {
      "type": "banners-grid",
      "banners": [
        {
          "img": "/img/uploads/categoria_headshop.png"
        },
        {
          "img": "/img/uploads/categoria_hookah.png"
        },
        {
          "img": "/img/uploads/categoria_charutos.png"
        }
      ]
    },
    {
      "type": "brands-carousel",
      "limit": 24,
      "offset": 0
    }
  ]
}